<?xml version="1.0" encoding="UTF-8"?>
<project-private xmlns="http://www.netbeans.org/ns/project-private/1">
    <editor-bookmarks xmlns="http://www.netbeans.org/ns/editor-bookmarks/2" lastBookmarkId="0"/>
    <open-files xmlns="http://www.netbeans.org/ns/projectui-open-files/2">
        <group>
            <file>file:/C:/Users/ACER/Desktop/Pizza/src/PizzaTester.java</file>
            <file>file:/C:/Users/ACER/Desktop/Pizza/src/Pizza.java</file>
            <file>file:/C:/Users/ACER/Desktop/Pizza/src/GoldCustomer.java</file>
            <file>file:/C:/Users/ACER/Desktop/Pizza/src/Customer.java</file>
            <file>file:/C:/Users/ACER/Desktop/Pizza/src/Order.java</file>
            <file>file:/C:/Users/ACER/Desktop/Pizza/src/PizzaSpecial.java</file>
        </group>
    </open-files>
</project-private>
